{"cameraMode":{"drawMode":0,"name":"Shaded","section":"Shading Mode"},"sceneLighting":false,"audioPlay":false,"sceneViewState":{"showFog":true,"showMaterialUpdate":false,"showSkybox":false,"showFlares":true,"showImageEffects":true,"showParticleSystems":true},"in2DMode":false,"pivot":{"x":8.372905731201172,"y":9.451925277709961,"z":2.1943283081054689},"rotation":{"x":0.020297912880778314,"y":0.97940593957901,"z":-0.15404996275901795,"w":0.1291436105966568},"size":39.01531982421875,"orthographic":false}