{"cameraMode":{"drawMode":0,"name":"Shaded","section":"Shading Mode"},"sceneLighting":true,"audioPlay":false,"sceneViewState":{"showFog":true,"showMaterialUpdate":false,"showSkybox":true,"showFlares":true,"showImageEffects":true,"showParticleSystems":true},"in2DMode":false,"pivot":{"x":0.2766999900341034,"y":0.7822335958480835,"z":1.0437999963760377},"rotation":{"x":-0.033621709793806079,"y":0.37634286284446719,"z":-0.013668345287442208,"w":-0.9258192777633667},"size":31.828060150146486,"orthographic":true}