{"cameraMode":{"drawMode":0,"name":"Shaded","section":"Shading Mode"},"sceneLighting":false,"audioPlay":false,"sceneViewState":{"showFog":true,"showMaterialUpdate":false,"showSkybox":false,"showFlares":true,"showImageEffects":true,"showParticleSystems":true},"in2DMode":false,"pivot":{"x":27.67520523071289,"y":2.6668858528137209,"z":-2.175440788269043},"rotation":{"x":0.18993142247200013,"y":-0.44727689027786257,"z":0.09562418609857559,"w":0.869143545627594},"size":14.702543258666993,"orthographic":true}