{"cameraMode":{"drawMode":0,"name":"Shaded","section":"Shading Mode"},"sceneLighting":false,"audioPlay":false,"sceneViewState":{"showFog":true,"showMaterialUpdate":false,"showSkybox":false,"showFlares":true,"showImageEffects":true,"showParticleSystems":true},"in2DMode":false,"pivot":{"x":0.2767000198364258,"y":0.7822335362434387,"z":1.0438001155853272},"rotation":{"x":-0.034529708325862887,"y":-0.9176424741744995,"z":0.08169037848711014,"w":-0.387527197599411},"size":38.685943603515628,"orthographic":true}