{"cameraMode":{"drawMode":0,"name":"Shaded","section":"Shading Mode"},"sceneLighting":false,"audioPlay":false,"sceneViewState":{"showFog":true,"showMaterialUpdate":false,"showSkybox":false,"showFlares":true,"showImageEffects":true,"showParticleSystems":true},"in2DMode":false,"pivot":{"x":0.0,"y":15.999998092651368,"z":-0.00012087829236406833},"rotation":{"x":-0.3327724039554596,"y":-0.5783175826072693,"z":0.2784566581249237,"w":-0.690893828868866},"size":74.67047119140625,"orthographic":false}